avis_corrected_2,avis_eng_corrected,note,sentiment_score,review_length,type
meilleures assurances prix solutions écoute rapidité et je recommande cette compagnie pour vous des prix attractifs et services de qualité et rapidité,Best insurance prices solutions attentiveness speed and I recommend this company for you attractive prices and quality and speed services,5.0,0.9,150,train
Je suis globalement satisfait sauf que vous avez un problème avec votre site interne impossible de déclarer un sinistre en ligne après plusieurs tentatives déclaration faite par téléphone ou tout est très bien passé interlocutrice compétente et très agréable,I am generally satisfied except that you have a problem with your website it is impossible to declare a claim online after several attempts declaration made by telephone or everything went very well competent and very pleasant interlocutor,4.0,0.2477777777777778,263,train
Prix très abordable plusieurs options souffrent à nous comme le boîtier connecté à la voiture option tranquilliser et zéro franchise ce qui est tout à fait plaisant,Very affordable price several options are available to us such as the box connected to the car the tranquility option and zero franchise which is quite pleasant,5.0,0.2666666666666667,164,train
Je satisfais du service une réponse très rapide de votre service je vous en remercie vous êtes une assurance le moins cher sur le marché cordialement,I am satisfied with the service a very quick response from your service thank you are the cheapest insurance on the market best regards,4.0,0.6444444444444445,150,train
"Client depuis plus de 25 ans très déçu de cette mutuelle qui la plus rien dune mutuelle la recherche du profit immédiat est devenu leur priorité à agence, on ne sait qu'essayer de vous fourguer des contrats inutiles, on vous fait payer une protection juridique sur chaque contrat, mais vous ne serez défendu que fois dès qui y a le moindre sinistre ils ne sont pas là pour vous défendre, mais au contraire pour vous mettre office tous les tords pour faire descendre votre bonus qui est trop haut bref, ils sont plus qq un seul but vous faire payer le plus possible hélas est maintenant le lot de tous les assureurs donc, cherchez à payer le moins possible et surtout de ne pas avoir besoin deux","Customer for over 25 years very disappointed with this mutual which no longer has anything of a mutual the search for immediate profit has become their priority at the agency we only know how to try to force useless contracts out of you we make you pay for legal protection on each contract, but you will only be defended once as soon as there is the slightest disaster they are not there to defend you but on the contrary to automatically put all the wrongs on you to lower your bonus which is too high in short they only have one goal to make you pay as much as possible unfortunately this is now the lot of all insurers so try to pay as little as possible and above all not need them",1.0,-0.13865384615384618,697,train
"Vente forcée par téléphone prétextant des évènements graves pour mes proches, mais sans même connaître ma date de naissance néoliane va dire qu'est la faute de la plateforme téléphonique au marre, mais ce démarchage est abusif et angoissant de plus, je suis inscrit sur bloc tel à fuir et à reporter aux services de répressions de la fraude","Forced sale by telephone claiming serious events for my loved ones but without even knowing my date of birth aeolian will say that it is the fault of the telephone platform in the Maghreb, but this canvassing is abusive and distressing in addition I am registered on blocked avoid and report to fraud enforcement services",1.0,0.022222222222222216,337,train
"Nouveau client satisfait du prix et des services, je ne donnerai pas plus avis, car je suis nouveau client chez vous espère que tout se passera bien merci","New customer satisfied with price and services I will not give more opinions because I am a new customer with you, I hope everything goes well thank you",3.0,0.3181818181818181,156,train
"Un assureur m'a contacté par téléphone pour me vendre cette assurance pour mon chiot en me vendant que les jolis détails est donc souscrit à assurance pour remboursée à 80 je vais ensuite chez le vétérinaire pour vacciner mon chiot et on me prescrit une pommade pour des boutons qui a santé et ne me la rembourse pas, car il y a une carence de 45 jours dont on n'avait pas parlé ce détail passe encore 1 mois plus tard, je fais le rappel du vaccin pour mon chiot comme pour tous les chiots et achète des vermifuges envoie donc une facture de 118 euros et là, on me dit qu'on ne me rembourse pas, car j'ai droit que 50 euros de frais par an qu'on n'avait pas dit non plus sinon je n'aurais jamais souscrit le but d'assurance est dette remboursée rappelle assurance pour résilier et là bien entendu, on me dit que je dois attendre 1 an pour me rétracter chose quoi n'avait jamais dite, fuyez cette assurance",An insurer contacted me by telephone to sell me this insurance for my puppy by selling me only the pretty details so I subscribed to the insurance to be reimbursed at 80 I then go to the vet to vaccinate my puppy and I am prescribed an ointment for the pimples he has Santa vet does not reimburse me because there is a 45-day gap which I was not told about this detail still passes 1 month later I do the vaccine booster for my puppy as for all puppies and buy reformers so I send an invoice for 118 euros and I am told that I will not be reimbursed because I do not I am only entitled to 50 euros in fees per year which I was not told either otherwise I would never have subscribed the aim of the insurance is to be reimbursed I called the insurance to cancel and of course they told me that I had to wait 1 year to cancel something they had never told me run away from this insurance,1.0,0.0625,922,train
"Je ne peux que rejoindre les nombreux avis négatifs, je regrette même avoir dû mettre 1 étoile tant le service et les remboursements sont inexistants en attente de remboursements optique et ostéopathie depuis plus de 10 semaines maintenant et toujours le même discours bien rodé, nous avons du retard, mais vos demandes vont être traitées avant la fin de semaine compter en moyenne 45 minutes par appel pour enfin avoir un conseiller avec qui il faudra à nouveau parcourir tous les dossiers ouverts alors qu'elle sont censés avoir pleine visibilité dans leur système le pire leur site annonce des remboursements traités alors que ceux-ci ne sont toujours pas été crédités sur mon compte bancaire","I can only join the many negative reviews I even regret having to give 1 star as the service and reimbursements are nonexistent waiting for optical and osteopathic reimbursements for more than 10 weeks now and still the same well rehearsed speech we are late, but your requests will be processed before the end of the week allow on average 45 minutes per call to finally have an advisor with whom you will have to go through all the open files again even though they are supposed to have full visibility in their system the worst part their site announces refunds processed even though they have still not been credited to my bank account",1.0,-0.03636363636363637,690,train
je gênerai assurances vie patrimoine très mauvais service client pas sérieux mauvais payeur si on demande une avance sur son épargne générale vie,General assurances vie assurance very poor customer service not serious bad payer if you ask for an advance on your general vie savings,1.0,-0.19066666666666662,142,train
"Est une honte totale, nous avons toutes nos assurances avec alliant, ils traitent notre réclamation avec incompétence, nous menaçons de les quitter, ils annulent néanmoins notre assurance à la fin de ce contrat évité",it's a total shame we have all our insurance with alliance they handle our complaint incompetently we threaten to leave them they nevertheless cancel our insurance at the end of this contract avoid,1.0,-0.2333333333333333,214,train
Totalement satisfaite de la qualité des prises en charge téléphoniques toujours bien comprise et avec des informations orales suivies effets réels,Totally satisfied with the quality of telephone support always well understood and with oral information followed by real effects,5.0,0.35,147,train
"Interface téléphonique du service client est assez intuitive mon interlocutrice rira a été très compréhensif et a su expliquer les démarches à suivre avec clarté, je la remercie pour cela",The customer service telephone interface is quite intuitive my contact Erika was very understanding and was able to explain the steps to follow clearly I thank her for that,2.0,0.26666666666666666,192,train
Je suis très satisfait du service des conseils et d'écoute la conseillère qu'ai eue par téléphone aimable avec une très bonne qualité écoute cordialement,I am very satisfied with the service advice and listening the advisor I spoke to by telephone was friendly and very good at listening sincerely,4.0,0.6087499999999999,189,train
"Bonjour, il est fort regrettable de ne pouvoir bénéficier dune certaine souplesse sur les tarifs proposés surtout lorsqu'on assure un véhicule supplémentaire et que nous avons jamais eu de sinistre ni de retard de paiement","Good morning it is very regrettable not to be able to benefit from a certain flexibility on the rates offered especially when we insure an additional vehicle, and we have never had a claim or late payment",3.0,0.21904761904761902,225,train
Je suis satisfait de directs assurances néanmoins saurai voulu pouvoir modifier la titulaire du contrat si possible en ligne ce qui n'est pas le cas actuellement,I am satisfied with direct insurance however I would have liked to be able to modify the contract holder if possible online which is not currently the case,5.0,0.2833333333333333,160,train
Ne prends pas en compte la résiliation même après avoir donné son accord à agent général documenté,Does not take into account the termination even after having given its agreement to the general agent documented,1.0,0.05000000000000002,100,train
"Le prix magnifique, je suis intéressé, je le recommande pour chacun, il est plus simple et pratique juste la vignette verte est pas reçu pour ma première voiture",The magnificent price I interested I recommend it for everyone it is simpler and more practical just the green sticker I didn't receive for my first car,5.0,0.36,158,train
Services clients très professionnels répond aux demandes et apporte des réponses aussi claires que précise à voir dans la durée et à la gestion des dossiers,Very professional customer service responds to requests and provides answers that are as clear as they are precise to see in the long term and the management of files,5.0,0.14500000000000002,156,train
Nous attendons depuis plus un mois une réponse du service médical pour mon épouse ils exigent abord que je souscris avant envoyer la proposition pour madame,We have been waiting for more than a month for a response from the medical service for my wife they first require that I subscribe before sending the proposal for madam,1.0,0.25,162,train
"Service impeccable à la hauteur de nos attentes et plus encore prix honnête difficile de trouver mieux, je recommande vivement à toutes et à tous",Impeccable service lived up to our expectations and more fair price hard to find better I highly recommend it to everyone,5.0,0.3863888888888889,147,train
"Assurance à éviter à tout prix excessivement cher, mais par contre dés qui y ont le moindre problème est le parcours du combattant, je me fais choquer la voiture sur le parking de mes lieux de travail centre commercial petit enfoncement sur la porte, je déclare le sinistre à mon assurance qui me demande un dépôt de plainte au commissariat un constat rempli que dune part j'exécute demi-journée de travail perdue à mes frais bien sûr mon employeur en fou de mes histoires suite à ça après avoir envoyé les dois mon interlocuteur met en doute ma parole super ça commence bien après discussion, il me demande de faire un devis, je fais 3 encore du temps perdu et des allers-retours garagistes autres demi-journée dans l'a je présente les devis réparation 600 euro sur laquelle ai une franchise de 400 euro alliant ouvre mon dossier et me demande daller chez un garagiste avec qui ils bossent afin de bénéficier d'une expertise rapide et la dame au téléphone me conseille fortement voire, elle insiste en me sortant des histoires de garanties pièces et daller chez celui-là et pas chez un garagiste de mon choix autrement dis peuvent bon, je trouve ça bizarre, mais je le fais encore 2 heures de perdues sur ma journée de travail pour aller faire des photos et 2 semaines plus tard silence radio je rappelle ce garage, il avait oublié de transmettre mes photos aux experts ils finissent par le faire et là, je reçois un appel d'expert me disant que les photos ça ne va pas, il faut un ri tout ça pour une simple pliure sur une porte pour une réparation qui coûtera à mon assureur au final que à peine 100 euro bon je rappelle expert et a ma surprise, il me demande immobiliser le véhicule 12 journée ou de passer chez eux afin de faire une expertise, je leur explique qu'ai déjà assez perdu de temps comme ça et que je vais sûrement pas perdre encore 12 journées de travail pour passer chez eux, je leur demande de se déplacer tout simplement n'étant pas loin de mes lieux de travail, ils sont à 3 min est un non catégorique donc si je fais mon calcul pour une réparation à 600e avec 400e de franchise et mes 3 demi-journée de travail perdu 200e de salaire pour encore aller chez un expert et attendre une réponse qui pourrait être défavorable non merci, je lâche affaire au final ça ne toute plus avec tout ça que de payer la réparation entièrement moi-même du coup, je me pose la question à quoi ça sert de payer des assurances si chères tout risque si tout est fait pour vous décourager pour une simple réparation que serait si le choc ou les réparations était plus conséquentes dès que possible, je retire mes 2 véhicules de chez eux franchement très mauvaise expérience est absurde","Insurance to be avoided at all costs excessively expensive price but on the other hand as soon as there is the slightest problem it's an obstacle course I had my car shocked in the parking lot of my workplace shopping center et a small dent in the door I declared the incident to my insurance who asked me to file a complaint at the police station a completed report that on the one hand I comply half day of work lost at my expense of course my employer doesn't care about my stories following that after sending the docs my interlocutor questions my word great it starts well after discussion he asked me to make a quote I made 3 more time wasted and trips to the garage another half day in the center I present the quotes repair 600euro on which I have a deductible of 400euro alliance opens my file and asks me to go to a mechanic with whom they work in order to benefit from rapid expertise et the lady on the phone strongly advises me or even insists by telling me stories about parts guarantees et to go to that one and not to a mechanic of my choice in other words Peugeot well I find it strange but I do it another 2 hours lost from my working day to go take photos et 2 weeks later radio silence I called this garage again they had forgotten to send my photos to the experts they ended up doing so and then I received a call from the expert telling me that the photos were not okay he needs an appointment all this for a simple bend on a door for a repair which will ultimately cost my insurer barely 100 euros well I called the expert back and to my surprise he asked me to immobilize the vehicle for half a day or to come to their house to carry out an assessment I explain to them that I have already wasted enough time as it is and that I am certainly not going to lose another 12 day of work to spend with them, I ask them to simply come being not far from my workplace they are 3 minutes away it's a categorical no so if I do my calculation for a repair at 600th with 400th deductible and my 3 half days of work lost 200th salary to still go to an expert and wait for a response which could be unfavorable no, thank you I giving up on the matter in the end it costs me more with all this than paying for the repair entirely myself so I ask myself the question of what is the point of paying for such expensive all risk insurance if everything is done to discourage you for a simple repair what would it be like if the shock or the repairs were more significant as soon as possible I am removing my 2 vehicles from them frankly very bad experience this is absurd",1.0,-0.06188690476190476,2695,train
"Très bien, je suis content du prix en espérant qu'assurance suivra ai reçu que des éloges de cette assurance en ce qui concerne la couverture assurance, ils ont un panel de couverture qu'aucune autre ne propose",Very good I am happy with the price hoping that the insurance will follow I have received only praise from this insurance regarding the insurance coverage they have a range of coverage that no other offers,5.0,0.3745,214,train
"on est bon déroulement du contrat et fluidité du site correcte et intuitive tous les éléments étaient clairs et précis, je recommande cette assurance à mes proches",Ok good progress of the contract and smoothness of the site correct and intuitive all elements were clear and precise I recommend this insurance to my loved ones,4.0,0.4800000000000001,158,train
"Lors de mon renouvellement chez olivier assurance est des interrogations sur ma nouvelle adresse postale et les délais renvoi de ma carte verte est compliqué arriver sur le numéro de service client et surtout ce numéro n'est jamais accessible le manque échange et le labyrinthe que cette société me fait vivre, elle ne respecte pas le service dû à sa clientèle",During my renewal with Olivier assurance I have questions about my new postal address and the deadline for sending my green card It's complicated to get to the customer service number and above all this number is never accessible the lack of exchange and the labyrinth that this company puts me through it does not respect the service owed to its customers,2.0,-0.15022727272727274,362,train
"Adhérent fer depuis plus de 20 ans, je regrette aujourd'hui mon choix laver a été une idée remarquable à époque, mais aujourd'hui le service n'est absolument pas à la hauteur des frais de gestion certes le site interne a été modernisé et est bien plus convivial avant mais il est aujourd'hui impossible de faire un rachat partiel alors que mon compte dispose de la provision nécessaire le système informatique me renvoie un message me demandant de faire ma demande par la poste à laide un imprimé introuvable sur le site ou de contacter m'ont apporté une société locale souvent injoignable tant quai numéro de téléphone de la vie est bienvenue dans le monde de la virtualité version 00, car après divers détours dans les soutenus la seule aide que j'ai trouvé est de contacter m'ont apporté à tous ceux qui pourraient être tentés apporter leur épargne à laver soyez avertis des problèmes que vous rencontrerez et comme il est impossible de transférer son épargne sans conséquences fiscales il ne vous restera plus que regretter votre choix, on est bien loin des nobles idéaux qui ont prévalu à la création de laver","An after member for more than 20 years I now regret my choice after was a remarkable idea at the time but today the service absolutely does not match the management costs certainly the website has been modernized and is much more user-friendly than before, but it is currently impossible for me to make a partial redemption even though my account has the necessary funds the computer system sends me back a message asking me to make my request by la post using a form not found on the site or to contact my provider a local company that is often unreachable as for the GIE telephone number its welcome to the world of virtuality version 00 because after various setbacks in the subgenus the only help I found there was to contact my provider to all those who might be tempted to bring their savings to after be warned of the problems you will encounter and as it is impossible to transfer your savings without tax consequences you will only have to regret your choice we are a long way from the noble ideals that prevailed at the creation of the after",2.0,0.12240896358543418,1118,train
"Je déconseille vivement, on vient de se faire dégager sans délai ou presque 2 mois pour trop de sinistre, car par malchance, on a eu 3 sinistres en 3 ans dont 1 qui ne prenne pas en charge comme est de toute façon hors contrat alors que rien du tout les 10 années précédentes même pas un coup de fil juste une pauvre lettre typé violente, fuyez","I strongly advise against it, we have just been released without delay or almost 2 months for too many claims because unfortunately we have had 3 claims in 3 years 1 of which he does not cover as it is outside the contract anyway while nothing at all the previous 10 years not even a phone call just a poor extremely violent letter run away",1.0,-0.13333333333333333,349,train
"Ne surtout pas souscrire assurance chez eux assuré chez eux depuis 11 ans maison et voiture de ma femme et un problème de prélèvement de 44 euros dû à une erreur de la banque et on se retrouve résilié sans nous prévenir du jour au lendemain donc ont les appels et il nous demande de régler la totalité de la somme sur une année ce quoi fait et la magie, on nous résilie le contrat malgré quoi est payé jusqu'à 2022 et on n'a rien à dire, on paye, mais on n'a pas assurance, ils prennent argent, mais ne fournisse pas les prestations malgré plusieurs appels de notre banquier ainsi que le directeur agence et de nous même, ils ne veulent rien entendre il y a gros problème au sein de cette assureur le directeur agence lui-même reconnaît plusieurs problèmes avec pacifier avec plusieurs clients, fuyez au plus vite vous trouverez bien mieux ma chère et surtout plus compétent chez la concurrence","Above all do not take out insurance with them insured with them for 11 years for my wife house and car and a problem with the withdrawal of 44 euros due to an error by the bank, and we found ourselves canceled without warning us overnight so we call them, and they ask us to pay the entire amount over a year which we do, and the magic is that we terminate the contract despite the fact that we have paid until 2022, and we have nothing to say we pay, but we don't have insurance they take the money but don't provide the benefits despite several calls from our banker as well as the agency director and ourselves they don't want to hear anything there is a big problem within this insurer the agency director himself recognizes several problems with pacific with several clients flee as quickly as possible you will find much better cheaper and above all more competent among the competition",1.0,0.14423076923076922,889,train
"néoliane me couvre depuis 2 ans et malgré une petite augmentation en janvier 2017 ça reste la complémentaire la plus intéressante pour moi, il est important de faire le comparatif chaque année, car les économies sont au de et elles sont quand même conséquentes","Néoliane has covered me for 2 years and despite a small increase in January 2017 it remains the most interesting supplement for me, it is important to make the comparison every year because the savings are there and they are still significant",5.0,0.305,260,train
"Depuis mai 2018 je me Bats pour me faire prendre en charge des verres correcteurs et une monture seulement Swiss Life m'a fait 3 devis différents et surtout qui ne correspondent pas aux montants du contrat impossible à ce jour avoir une personne pour régulariser la situation et je fais un constat, nous sommes ce dans cette situation malheureusement que du temps perdu n'est pas une situation normale",Since May 2018 I have been fighting to get corrective lenses and a frame only Swiss Life gave me 3 different quotes and above all which do not correspond to the contract amounts it is impossible to date to have a person to regularize the situation and I am making an observation that we are very bad in this situation unfortunately that wasted time is not a normal situation,1.0,-0.2939583333333333,402,train
"Bonjour, je suis passé par les furets com plusieurs propositions me sont apparus, mais avril reste pour moi simple rapide et pas cher niveau tarif je conseille",Hello I went through LES fresco several proposals appeared to me but April remains for me simple fast and inexpensive price level I recommend,5.0,0.06666666666666667,157,train
"De belles promesses à inscription, mais en réalité des menteurs un sinistre une voiture collée derrière moi, je recule pour pouvoir me dégager aime le pare-choc de la voiture la mais là pas voulue prendre en considération toutes les explications inscrites sur le constat et décide que je suis seul responsable au tel une personne me dit que pour cette fois, je ne serais pas faussé hors, je reçois les avis déchéance et bien, je suis bel et bien faussé tous nos contrats sont chez eux ai eu de autres propositions agence locale ou le contact est plus commercial des secrétaires compétentes aimables donc les décisions vont être rapide","Beautiful promises at registration but in reality liars a disaster a car stuck behind me, I back up to be able to free myself I damage the bumper of the car the half did not want to take into consideration all the explanations written on the report and decides that I am alone responsible on the phone someone told me that this time I wouldn't be hurt however I receive the due date notices and I am indeed penalized all our contracts are with them, I have had other offers from local agencies where the contact is more commercial competent friendly secretaries, so decisions will be quick",1.0,0.18385416666666668,634,train
"Je suis satisfait pour le service et efficace quand on appelle au service rapidement prend l'appel, je suis content pour été cliente chez ce que vous je vous ai dite merci",I am satisfied with the service and efficient when you call the service quickly takes the call I am happy to have been a customer of ours I say thank you,4.0,0.5444444444444444,163,train
"À fuir assurance prévoyance lamentable des délais de traitement plus que longs ils vous réclament en permanence des documents que vous leur avez déjà transmis, ils n'ouvrent certainement pas leurs mais ailleurs, ils ne répondent jamais, vous devez les appeler tout le temps les relancer par téléphone et lorsque vous les avez on vous dit que ça part en traitement alors qu'est complètement faux, vous les rappelez 15 jours plus tard, vous en êtes toujours au même point c'est-à-dire nulle part est honteux de se moquer des gens comme ça et effectivement pour encaisser, il ne à pas de problème est bien réglé de ce côté-là personnellement, je suis déjà bien affectée par ma maladie et en plus, ils ajoutent un stress une angoisse supplémentaire à me mettre dans une situation de précarité, ils prônent excellence 2020 avec plus de 6 500 collaborateurs ah, on se demande où ils sont à la cafétéria peut-être et si jamais pu mettre zéro étoile j'aurais fait","To avoid dismal pension insurance very long processing times they constantly ask you for documents that you have already sent to them, they certainly don't open their emails in fact they never respond to them, you have to call them all the time follow up with them by phone and when you get them you are told that it is being processed when that is completely false you call them back 15 days later, and you are still at the same point that is to say nowhere It's shameful to make fun of people like that and indeed to accept it there is no problem its well settled on that side personally I am already badly affected by my illness and what's more they add additional stress and anxiety to me by putting me in a precarious situation they advocate 2020 excellence with more than 6500 employees well we wonder where they are in the cafeteria perhaps and if I could have given zero stars I would have done so",1.0,0.011250000000000001,959,train
Très satisfait du service bizarre le tarif ne correspondait pas trop aux simulations effectuées sinon la souscription est rapide et facile les documents sont reçus dans la minute,Very satisfied with the service strange the price did not really correspond to the simulations carried out otherwise subscribing is quick and easy documents are received within one minute,4.0,0.2533333333333333,179,train
Je suis satisfait du service les prix me conviennent les garanties me suffisent pour instant adhésion est rapide simple efficace et pratique bien sincèrement,I am satisfied with the service the prices suit me the guarantees are enough for me for now membership is quick simple efficient and practical sincerely,5.0,0.26666666666666666,160,train
"Un bon site pour les renseignements simple vite et rapide, je recommande fortement ce site pour les jeunes qui arrive dans le monde dès motard",A good site for information simple quick and quick I highly recommend this site for young people entering the world as bikers,4.0,0.2711111111111111,149,train
"Le prix est très avantageux le service est réactif il n'y n'a pas 5 étoiles, car comme beaucoup assurance ils y ont plein de clause non comprise dans les forfaits malheureusement globalement satisfait",The price is very advantageous the service is responsive it does not have 5 stars because like many insurance companies there are lots of clauses not included in the packages unfortunately overall satisfied,4.0,0.3,195,train
Merci pour ce traitement rapide de mon dossier ça fait plaisir rapide efficace et les tarifs toujours aussi intéressants je vous souhaite une très bonne journée,Thank you for this rapid processing of my file it's a pleasure fast efficient and the prices are always as attractive I wish you a very good day,4.0,0.6366666666666666,164,train
Je suis satisfaite du site de direct les prix sont abordables et intéressants en espérant que cas de besoin le service sera tout autant réactif et efficace,I am satisfied with the direct site the prices are affordable and interesting hoping that if necessary the service will be just as responsive and efficient,3.0,0.275,156,train
"Je suis satisfait du service et efficacité interne pratique rapide merci de votre confiance, je ferai part de votre site as les ami tarif avantageux",I am satisfied with the service and the efficiency of the fast practical internet thank you for your trust I will share your site with friends at an advantageous rate,5.0,0.35,151,train
"Bonne assurance auto, je suis satisfaite en plus, ils ont baissé mon tarif cette année, car je n'ai pas eu accident depuis longtemps, je recommande",Good car insurance I am satisfied with it plus they lowered my rate this year because I haven't had an accident in a long time I recommend,4.0,0.3833333333333333,145,train
"Grosse déception si jamais sue, je serais directement passée par assureur quitte à payer un peu plus cher est-ce que je compte faire à échéance de mon contrat signé d'une manière bidon par téléphone",Big disappointment if I had known I would have gone directly to the insurer even if it meant paying a little more that what I plan to do when my contract expires signed in a bogus way over the phone,2.0,-0.0375,197,train
Attends depuis le 30 septembre un remboursement dentaire pour une dépense supérieure à 1000 euros percé a reçu tous les justificatifs envoyés plusieurs fois par interne et par courrier recommandé avec a et rien ne fait aucun moyen de joindre qui que ce soit pour avoir une explication claire,Since September 30 I have been waiting for dental reimbursement for an expense exceeding 1000 euros mercers has received all the supporting documents sent several times via the internet and by registered mail with return and nothing has happened no way to contact anyone for a clear explanation,2.0,0.11666666666666668,296,train
Je suis très satisfait du service client ainsi que des tarifs réguliers de plus en cas de sinistre tout sait très bien passé encore merci au service client,I am very satisfied with the customer service as well as the regular rates more in the event of a disaster everything went very well thanks again to customer service,5.0,0.30999999999999994,160,train
"Je suis satisfait avoir attestation, mais je trouve que tous vos prix sont chers et devoir payer pour le télétravail est inadmissible du fait de ce que je paye pour année, je ne suis pas satisfaite avoir reçu le 30 juillet une offre promotionnelle pour le contrôle technique de ma voiture alors que je la fais le 21 juillet et qui expirait le 24 juillet","I am satisfied to have the certificate but I find that all your prices are expensive and having to pay for teleworking is unacceptable because of what I pay for the year I am not satisfied to have received a promotional offer on July 30 for the technical inspection of my car when I did it on July 21, and it expired on July 24",3.0,-0.0625,362,train
"Je suis satisfait de vos services du prix et de la réactivité de conseiller rien à signaler pour le moment, je recommande olivier assurance à mes proches",I am satisfied with your services the price and the responsiveness of the advisor nothing to report at the moment I recommend Olivier assurance to my loved ones,4.0,0.6,156,train
Très satisfait assuré depuis longtemps chez amis tarifs corrects difficile de trouver moins cher site interne clair assurer un nouveau véhicule est très rapide,Very satisfied longtime insured with am fair prices hard to find cheaper clear website insuring a new vehicle is very quick,5.0,0.28800505050505054,160,train
"Excellente assurance quand on n'a pas besoin de leur service et que nous subissons un sinistre quant à accueil par téléphone, je ne suis pas tombé sur la bonne personne","Excellent insurance when we don't need their service, and we suffer a loss as for the reception by telephone I did not find the right person",2.0,0.6428571428571428,166,train
Très simple et pratique site très bien réalisé très simple également au niveau de la souscription rapide et pratique en espérant avoir des tarifs plus avantageux en souscrivant pour autres véhicules,Very simple and practical very well created site very simple also in terms of subscription quick and convenient hoping to have more advantageous rates by subscribing for other vehicles,3.0,0.15138888888888888,200,train
Assuré chez direct assurance via avancer ma voiture est plus assurée depuis plusieurs mois sans que je sois informé toujours aucunes nouvelles de ces personnes malgré des mises en demeure saisie du tribunal,Insured with direct insurance via Vassar my car has not been insured for several months without my being informed still no news from these people despite formal notices seizure to court,1.0,0.05,210,train
"à fuir au plus vite les tarifs sont alléchants la première année, mais grimpent de façon substantielle chaque année oui est eu des sinistres, mais jetait 3 bris de glace et un vol sur 4 ans toutes non responsable et ils viennent de nous résilier un grand bravo la appelée avoir le client au cœur de leur activité donc un conseillé éviter cet assureur importe lequel est mieux que direct assurance est direct, mais est direct à la poubelle","To flee as quickly as possible prices are attractive the first year but increase substantially each year yes I had claims, but it was 3 broken windows and a theft over 4 years all not responsible, and they just canceled us a big bravo that called having the customer at the heart of their activity therefore one advises avoid this insurer anyone is better than direct assurance its direct but it's direct in the trash",1.0,0.13500000000000004,449,train
Contrat signé rapidement avec un tarif pour les options au top les conditions sont explicites et toutes les informations nécessaires sont données si besoin appel un conseiller fonctionne bien,Contract signed quickly with prices for top options the conditions are explicit and all the necessary information is given if necessary calling an advisor works well,5.0,0.20833333333333331,193,train
"Facturation de changement adresse alors que nous venions de faire assurer la maison chez eux dès notre achat erreur venait de leur service qui n'avait pas fait le changement de facturation avec le nouveau contrat de ce fait mon contrat assurance voiture diminuait en tarifs, mais là me refuse de rembourser",Invoicing for change of address even though we had just had the house insured with them upon our purchase the error came from their service which had not made the billing change with the new contract as a result my car insurance contract decreased in price but the mph refuses to reimburse,2.0,-0.13181818181818183,309,train
"Aucun conseil aucune communication demande des dossiers complémentaires sans arrêt pour au final ne pas remboursé ne respecte pas ses engagements aucun remboursement suite à un arrêt de 30 jours pour une hernie inguinale, on me demande de renseigner tous mes rendez-vous chez le médecin depuis dix ans alors que j'ai jamais eu un seul arrêt de travail, il faut faire remplir un nouveau donc au médecin en pleine crise du coin est lamentable",No advice no communication constantly asks for additional files so as not to reimburse in the end does not respect his commitments no reimbursement following a day stoppage for an inguinal hernia I have been asked to provide information on all my appointments with the doctor for ten years even though I have never had a single stoppage of work we have to fill out a new document from the doctor in the middle of the Ovid crisis its lamentable,1.0,0.010822510822510822,444,train
Un prix attractif certes puis au moment de concrétiser un contrat habitation gamin attente au téléphone pour entendre dire que là mais refuse finalement assurer appartement que je vais louer parce que je ne serai que semaine et que je vais rentrer le week-end en Belgique,An attractive price certainly then when it comes time to finalize a housing contract 20 minutes of waiting on the phone to be told that the half ultimately refuses to insure the apartment that I am going to rent because I will only be there during the week and I will return to Belgium for the weekend,2.0,0.16952380952380952,276,train
"ils ont très longs pour les paiements lors un sinistre 2 mois de mauvaise foi, il n'hésite pas à raccrocher au nez des clients",They take a very long time for payments during a disaster 2 months in bad faith he does not hesitate to hang up on customers,1.0,-0.38249999999999995,126,train
Tarifs attractifs compagnie attrayante tant qu'on la pas de sinistre dans mon cas vol de ma moto évaluation d'expert faite sur la base dune mauvaise version sans as impossibilité de lui faire changer avis malgré la production annonces démontrant qu'estimation a été sous-évaluée est fini par accepter après plusieurs de démarches vaines et absence de réponses aux courriers préjudice de 1500 euros,Attractive prices attractive company as long as you don't have a claim in my case theft of my motorcycle evaluation of the expert made on the basis of a bad version without abs impossibility of making him change his mind despite the production of announcements demonstrating that the estimate was undervalued I ended up accepting after several vain attempts and no responses to letters damage to 1500 euros,2.0,0.17000000000000004,408,train
"Nouveau client chez olivier, je suis très déçu du suivi de dossier en cas de sinistre pas de chance au bout de 3 jours de contrat une voiture raccroche le pare-choc et l'abîmée suis leur procédure envoi du constat sur mon compte et sur un mais spécial sinistre cela fait 2 semaines et pas de nouvelles impossibles de les joindre par téléphone croit que ça va mal finir pour eux, je comprends les avis très défavorable","New customer at Olivier I am very disappointed with the followup of the file in the event of a claim no luck after 3 days of contract a car hits my bumper and damages it I follow their procedure sending the report to my account and on a special disaster email it's been 2 weeks and no news impossible to contact them by phone I think it's going to end badly for them, I understand the very unfavorable opinions",3.0,-0.27469336219336216,416,train
"Jamais vu ça la pire assurance que est eut en vingt ans pendant l'anémie impossible de les joindre une expertise annulée est quand même compte de façon négative et experte est payé, je vais peut-être voir un avocat un scandale",Never seen that the worst insurance I have had in twenty years during the pandemic impossible to contact them a canceled expertise is still counted negatively on me and the expert has paid himself I may be going to see a lawyer a scandal,1.0,-0.6555555555555556,232,train
Je suis suffisant satisfait de vos prestations plus de dix ans chez vous et jamais de sinistres responsables malheureusement mon bon comportement routier ne se reporte pas sur le prix dès mes assurances,I am sufficiently satisfied with your services more than ten years with you and never any responsible claims unfortunately my good driving behavior is not reflected in the price of my insurance,3.0,0.38,204,train
Les plus petits prix que est vu pour un jeune permis pour assurance tous risques site très compréhensible et accessible bonne communication très bien,The lowest prices I have seen for a young license for comprehensive insurance very understandable and accessible site good communication alright,4.0,0.34375,151,train
"Je suis satisfaite du service rapide efficace, je recommande votre site interne et votre assurance auto qui sont dans des prix très convenables génial",I am satisfied with the service fast and efficient I recommend your website and your car insurance which are at very reasonable prices awesome,5.0,0.49,151,train
"Je suis très content du prix et des garanties proposées, je recommande fortement avril, car après plusieurs devis ai enfin trouvé les garanties que je cherchais",I am very happy with the price and the guarantees offered I highly recommend April because after several quotes I finally found the guarantees I was looking for,5.0,0.29,162,train
"Déplorable assurée à là mais depuis 10 ans sans avoir eu aucuns sinistres est déchanté suite à un accident de voiture survenu le 21062019 ait été transporté à l'urgence, car en état de choc était mon premier accident en 32 ans de conduite très mal renseignée par là mais du coup alors que pompier et gendarme présents ont conclu à 5 050 je me suis retrouvée à 100 en tort, car là mais m'a mal renseignée pour établissement du constat et par contre très bien informée autre partie également à là mais fila résultat des courses, je résilie sous peu la totalité de mes contrats chez eux",Deplorable insured with main for 10 years without having had any claims I became disillusioned following a car accident that occurred on 06212019 I was transported to the emergency room because in a state of shock it was my first accident in 32 years of driving very poorly informed by the main so while the firefighter and gendarme present concluded at 5050 I found myself 100 at fault because the main gave me poor information for the establishment of the report and on the other hand was very well-informed the other part also to the main film as a result of the races I am shortly terminating all of my contracts with them,1.0,-0.046666666666666676,582,train
"est souscrit une assurance emprunteur par le biais de la société générale, je bataille depuis 5 mois systématiquement, il me demande le même dossier que j'ai déjà envoyé 5 fois aucun contact téléphonique, car personne ne répond à fuir",I took out borrower insurance through Société Générale I have been fighting for 5 months systematically he asks me for the same file that I have already sent 5 times no telephone contact because no one answers avoid,1.0,0.0,231,train
Je suis satisfaite du service conseiller au téléphone ma très bien renseigner et guider pour la mise en route du contrat les prix de cette assurance sont corrects,I am satisfied with the service advisor on the phone provided me with very good information and guidance in getting the contract started the prices of this insurance are correct,4.0,0.705,162,train
"Très satisfait sauf pour le paiement avec renseignement de carte, je préfère les paiements du type discount ou ai express par carte payait ou papal",Very satisfied except for the payment with card information I prefer discount or Ali express type payments by pallid or PayPal card,5.0,0.65,149,train
"Je qui satisfait du service les prix sont abordables et responsable, je souhaite à avenir proche conseiller mon entourage de souscrire avec directe assurance parce que qui sont les meilleurs",I am satisfied with the service the prices are affordable and reasonable I would like in the near future to advise those around me to subscribe with direct insurance because they are the best,5.0,0.31666666666666665,187,train
"Très satisfait facile et interlocuteur agréable très bonnes explications le contrat est clair, je ne sais pas quoi dire autre, je recommande cette assurance",Very satisfied easy and pleasant to talk to very good explanations the contract is clear I don't know what else to say I recommend this insurance,5.0,0.5653333333333334,155,train
"Très déçue, je suis assurée chez eux depuis 3 mois et ils viennent de me résilier, car je n'ai pas signé électroniquement le contrat alors que jamais reçu un mais lors de mon inscription me disant que mon dossier était complet aucune relance ni par mais ni par courrier ni par téléphone, je suis dépitée après les avoir appelés plusieurs fois aucun moyen de revenir sur cette résiliation ai payé mes cotisations envoyées tous les documents nécessaires, je trouve cela scandaleux à moi maintenant de trouver une nouvelle assurance qui acceptera d'assurer malgré ma résiliation sans que cela ne me coupe un bras, ils avaient envoyé un courrier comme pour ma résiliation saurait bien entendu pu signer ce contrat quel était mon intérêt de ne pas le faire",Very disappointed I have been insured with them for 3 months and have just canceled it because I did not sign the contract electronically even though I received an email when I registered telling me that my file was complete no followup neither by email nor by post nor by telephone I disappointed after calling them several times no way to reverse this termination I paid my contributions sent all the necessary documents I find this scandalous It's now up to me to find a new insurance company that will agree to insure me despite my cancellation without it costing me an arm and a leg if they had sent me a letter as for my termination I would of course have been able to sign this contract what was my point in not doing it,2.0,-0.14123376623376624,748,train
Les informations ne sont pas communiqué de façon claire des éléments ne vous sont communiqué quarts souscription et validation du paiement temps attente extrêmement long et conseiller incompétents assurance à faire absolument,The information is not communicated clearly elements are only communicated to you after subscription and validation of payment extremely long waiting time and incompetent insurance advisors to absolutely flee,2.0,-0.019999999999999983,228,train
à fuir me résilie pour un retard de paiement que je comprends alors que la somme de remboursement qu'elle me doivent dépasser de loin ce qui ne me réclame jamais les mêmes informations à fuir,To flee cancels me for a late payment that I understand while the amount of reimbursement that they owe me far exceeds what he claims from me never the same information to avoid,1.0,-0.06666666666666667,190,train
"Bonjour à tous depuis le 17 décembre 2019 jour de mon accident sur le périphérique parisien ma moto étant désormais une épave je ne suis donc plus assuré à la mutuelle des motards cependant cette assurance a continué de me prélever mensuellement malgré plusieurs appels de ma part ou quand jamais quelqu'un, on me disait que cela allait être régularisé, nous sommes aujourd'hui le 25 juillet 2020 et je n'ai toujours pas été remboursé ma lettre recommandée est restée sans réponse les mais aussi ai donc fait opposition aux prélèvements sur mon compte chose que saurait dû faire dès le 18 décembre 2019 le lendemain de mon accident et puis dessus le coin 19 est répandu et à la mutuelle des motards, il faut croire que cela a été plus tragique ailleurs, car pendant trois mois plus question avoir quelqu'un au téléphone, on nous disait daller sur le site ou on pouvait soi-disant tout faire et que sur demande, on pouvait même se faire rappeler est-ce qu'ai fait à de nombreuses reprises attends toujours aujourd'hui est acheté une nouvelle moto et bien entendu je la assure ailleurs la mutuelle des motards est bien loin d'esprit motards qu'elle se prétend défendre et représenter","Hello everyone since december 17, 2019, the day of my accident on the Paris ring road my motorcycle is now a wreck so I am no longer insured with the bikers mutual insurance company however this insurance continued to charge me monthly despite several calls from me or when I had someone I was told that this was going to be regularized today is july 25, 2020, and I still have not been reimbursed my registered letter went unanswered as did the emails I therefore objected to the withdrawals from my account something that I should have done on december 18, 2019, the day after my accident and then Ovid 19 spread and at the mutually does dotards you have to believe that it was more tragic than elsewhere because for three months there was no question of having anyone on the phone we were told to go to the site where we could supposedly do everything and that on request we could even have it called back this is what I have done many times I still waiting today I bought a new motorcycle and of course I insured it elsewhere the mutually does dotards is a long way from the biker spirit that it claims to defend and represent",1.0,0.02954545454545455,1185,train
"Bonjour je vous écris pour mon assurance marque renaît capturé puissance fiscale 5 ce misé en circulation 092018 établissement de la carte grise 27092018 propriétaires du véhicule jean jacquet poisson immatriculation fa702rz, je vais partir en vacances le 5 juin avec cette voiture et avec des attache remorque et un porte 2 vélos à carrière du véhicule, je souhaite être assuré pour ce porte-vélo avec 2 vélos que je vais transporter ma question suis-je assuré dans ces conditions ci-dessus ou dois payer un supplément assurance cordialement le poissent jean jacquet",Hello I am writing to you for my insurance brand Renault capture fiscal power 5 the registration 092018 establishment of the registration document 09272018 vehicle owner jean Jacques piston registration fa702rz i I going on vacation on June 5 with this car and with a trailer hitch and a 2 bike rack at the back of the vehicle I wish be insured for this bike rack with 2 bikes that I will transport my question am I insured under these conditions above or must I pay additional insurance kind regards Mr piston jean Jacques,1.0,0.19999999999999998,567,train
"En deux ans le prix d'assurance a bien augmenté alors que je n'ai pas eu accident avec un pouvoir achat en berne, je suis obligé de reconsidérer mon contrat",In two years the price of insurance has increased significantly even though I have not had an accident with purchasing power at half-mast I am forced to reconsider my contract,1.0,0.03749999999999998,159,train
"Attention prix assez attractif, mais dès que vous modifiiez votre contrat pour un changement adresse par exemple, on vous facture 15 alors qu'est vous qui faites tout sur votre espace",Attention quite attractive price but as soon as you modify your contract for a change of address for example you are charged 15 even though it is you who does everything in your space,2.0,0.8,183,train
Souscription par téléphone rapide interlocuteur m'a aidé au téléphone tout au long de la démarche de a à a ce qui était très agréable et rassurant,Quick telephone subscription the contact person helped me on the phone throughout the process from a to z which was very pleasant and reassuring,5.0,0.6433333333333333,146,train
Satisfait du service en revanche renvoi de la carte verte seulement à adresse du stationnement du véhicule est un peu embêtant pour ceux en résidence secondaire,Satisfied with the service however sending the green card only to the vehicle parking address is a little annoying for those in second homes,5.0,-0.11458333333333333,163,train
"Étant en train acheter un nouveau scooter le concessionnaire me demande attestation d'assurance prouvant que est bien conduit un 125 cm³ en 2006 et 2011 comme la loi le demande là mais ne me la jamais fourni et lorsque rappelle ils me répondent qu'elle ne peuvent pas, car cela est trop ancien, je suis en train de perdre mon acompte incapable de taper un simple attestation et en plus, ils me disent de passer la formation d'oh alors que je n'ai pas besoin irréaliste vraiment très déçu et après presque 30 ans chez eux envisage daller voir ailleurs pour mes 2 véhicules le discours au téléphone était hallucinant la personne me mettait en attente pour aller à la pêche aux informations un simple papier spécifiant mon passé assuré pour un 2 roues sous prétexte qu'était trop ancien elle m'a répondu qu'elle ne pouvait pas remonter entre 20 et 30 ans, nous sommes en 2019 et la durée demandée est comprise entre 2006 et 2011 si je obtiens pas ce document pourtant demandé par les forces d'ordre je stoppe mes adhésions","As I am in the process of buying a new scooter the dealer asks me for an insurance certificate proving that I drove a 125cm3 in 2006 and 2011 as required by law main never provided it to me and when I call they tell me that they cannot because it is too old I losing my deposit unable to type a simple certificate and on top of that they tell me to take the 7-hour training when I don't need it unrealistic really very disappointed and after almost 30 years with them, I am considering looking elsewhere for my 2 vehicles the speech on the phone was mind blowing the person put me on hold to go fishing for information a simple paper specifying my past insurance for a wheeler under the pretext that it was too old she told me she couldn't go back 20 to 30 years it is 2019 and the requested duration is between 2006 and 2011 if I do not obtain this document although requested by the police I will stop my memberships",2.0,-0.10183080808080809,1025,train
"Je suis satisfait du service et des conseillers toujours claires et rapides au traitement de la demande, je remercie équipe pour intérêt qui porte à est client",I am satisfied with the service and the advisors who are always clear and quick to process requests I thank the team for their interest in this customer,3.0,0.3111111111111111,158,train
"Bonjour attention, vous payez 13 d'assurance avant la souscription finalisée pour ensuite des modalités qui ne sont pas indiqués clairement vous résilie elle m'a coûté 120e pour 2 semaines blessure elle ne vous rembourse pas assurance à fuir",Good morning please note that you pay 13 of the insurance before the subscription is finalized and then terms which are not clearly indicated cancel you it cost me 120e for 2 weeks of course she doesn't reimburse you insurance to flee,1.0,0.32499999999999996,258,train
Rapide et claire les services ont clair très intéressant par rapport à les concordances surtout par rapport à l'assurance physique assurance conseiller par deux collègues de travail,Fast and clear the services seem very interesting compared to the competition especially in relation to physical insurance advised by two work colleagues,4.0,0.19,180,train
"vraiment rapporté et réactivité prise en charge rapide, je suis particulièrement satisfait de mes contrats auto et habitation très bonne couverture les contacts téléphoniques sont très courtois et la réactivité par rapport aux problèmes accompagné explications très claires",Very rapport and responsiveness fast support I am particularly satisfied with my car and home contracts very good coverage telephone contacts are very courteous and responsive to problems accompanied by very clear explanations,4.0,0.4533333333333333,269,train
"Service rapide et à bon prix la souscription par interne est bien détaillée les étapes sont précises, je conseille pour une assurance moto les tarifs sont très corrects ai 2 motos assurées",Fast service and good price internet subscription is well detailed the steps are precise I recommend for motorcycle insurance the prices are very reasonable I have 2 motorcycles insured,5.0,0.39199999999999996,191,train
"je n'ai pas eu de sinistre durant le temps où étais chez active assurance, mais au renouvellement ai eu la surprise de la voir augmenter relativement à son concurrent, ils ont été incapables de négocier sur une base raisonnable en fait la différence était si importante qu'ai dû partir en espérant que la prochaine assurance ne fasse pas la même erreur",I did not have any claims during the time I was with active insurance but upon renewal I was surprised to see it increase relative to its competitors they were unable to negotiate on a reasonable basis in fact the difference was so significant that I had to leave hoping the next insurance company wouldn't make the same mistake,3.0,0.005208333333333336,353,train
"Je me suis fait résilier pour ne pas avoir envoyé la copie de la carte grise selon leur explication comme je la envoyai par courrier simple et non par recommander, je ne peux rien prouver et il m'ont laissé rouler mois sans me prévenir","I was terminated for not having sent the copy of the registration document according to their explanation as I sent it by regular mail and not by registered mail I cannot prove anything, and it left me rolled up for 2 months without warning me",2.0,0.0,234,train
Correct au niveau des prix assistance téléphonique bien espace client interne bien agence bien au niveau relationnel et horaire que dire autre que tout est bien à la,Correct at the price level telephone assistance good internet customer area agency well on the relational and time level what can I say other than everything is good at the mph,4.0,0.425,174,train
Est lors du sinistre que vous allez comprendre incompétence de cet assureur de plus les agents n'appliquent pas les tarifs que vous pouvez voir sur interne,It is during the disaster that you will understand the incompetence of this insurer additionally agents do not charge the rates you can see on the internet,2.0,0.0,159,train
"Nullissime, on va de bourdes en dépit des documents contractuels les mensualités sont prélevées sur mon compte perse et les indemnités versées sur mon compte pré une première ne demande rien est fait une deuxième, on résout le problème uniquement pour le plan retraite en rassurant que les changements seront faits pour la prévoyance et la santé une troisième demande, on résout uniquement le problème pour la prévoyance une quatrième demande les mouvements sur les comptes sont enfin juste pour les trois contrats, on me fait comprendre qu'est ma faute j'énerve on me répond que les contrats dépendent de différents services qui ne se transfèrent pas les mais les demandes étaient pourtant faites via le portail en ligne pour chaque contrat évidemment chaque demande prend un temps considérable aujourd'hui est besoin un relevé de situation et le service est momentanément indisponible depuis 48 heures personne ne répond au téléphone, il faut dire qui est 18 h 02 fuyez",Nullissime we go from blunder to blunder despite the contractual documents the monthly payments are taken from my personal account and the compensation paid into my professional account a first request nothing is done a second we solve the problem only for the retirement plan by ensuring that the changes will be made for pension and health a third request we only solve the problem for foresight a fourth request the movements on the accounts are finally fair for the three contracts I am made to understand that it is my fault I get angry I am told that the contracts depend on different services which do not transfer emails the requests were however made via the online portal for each contract obviously each request takes a considerable amount of time today I need a situation report and the service is temporarily unavailable for 48 hours no one answers the phone it must be said that it is 602 pm run away,2.0,0.04999999999999998,985,train
Mon fils essaie depuis 4 mois encaisser un contrat assurance vie ouvert à son nom par sa BD mère pour acheter un appartement agence s'en charge mon agence ne se obtient pas de réponse de la sagesse est inadmissible,"My son has been trying for 4 months to cash in a life insurance policy opened in his name by his grandmother to buy an apartment the so agency in charge my, so agency does not obtain a response from toecap this is unacceptable",2.0,0.0,220,train
à fuir ne prends pas compte les résiliations et mentionne des sinistres imaginaires jamais la même personne nous répond les courriers envoyés au siège doivent finir directement à la poubelle,To run away does not take into account terminations and mentions imaginary losses the same person never responds to us letters sent to headquarters must end up directly in the trash,1.0,0.05,192,train
Entre offre faite sur le site assurant et les propos qu'on vous fait il y a une différence de tarif importante vous dit au téléphone qu'offre interne est faite pour appâter le nouveau client et qu'année après le tarif sera le même que celui qu'on me propose,Between the offer made on the assurance site and the offer we make to you there is a significant difference in price you are told on the phone that the internet offer is made to lure the new customer and that the year according to the price will be the same as the one offered to me,2.0,0.17045454545454544,270,train
Très bonne réactivité et accompagnement tout le long de la procédure inscription conseillère très à écoute et réceptive et service rapide et efficace,Very good responsiveness and support throughout the registration procedure very attentive and receptive advisor and fast and efficient service,5.0,0.5433333333333333,151,train
"On critique toujours quand là ne va pas, mais pour une fois, je suis tellement satisfait que je ne peux pas laisser critiquer une assurance dont les conseils a sauvé la mise déjà à la signature de mon contrat j'ai été extrêmement bien conseillé, mais je ne le savais pas encore je ai en suis aperçu lors du vol de mon véhicule traumatisé par ce vol j'ai contacté plusieurs fois là me et ses services a Besançon j'ai eu plusieurs interlocuteurs qui ont tous été très agréables et très compréhensibles après toutes les démarches et les procédures obligatoires là me a remboursé entièrement sans aucun problème dans des délais très raisonnables de ce fait j'ai racheté un autre véhicule et par respect pour ces personnes j'ai repris mon assurance chez eux et encore une fois conseillé par une correspondante super compétente, je voulais aussi dire que j'avais déjà comparé les tarifs avec plusieurs assurances les différences étaient vraiment infimes comme quoi des fois même si elles ont parfois plus chères ce qui un n'était pas le cas pour moi, on évite parfois de gros soucis qui ne sont pas les bienvenus lorsque l'on a un sinistre merci au personnel de là me","We always criticize when things don't go well but for once I so satisfied that I can't let criticize an insurance company whose advice saved my day already when signing my contract I was extremely well advised but I didn't know it yet I noticed it when my vehicle was stolen traumatized by this theft I contacted the mph and its services in Besançon several times I had several contacts who were all very pleasant and very understandable after all the obligatory steps and procedures the mph reimbursed me in full without any problem within a very reasonable time frame as a result I bought another vehicle and out of respect for these people I took over my insurance with them and once again advised by a super competent correspondent I also wanted to say that I had already compared the prices with several insurance companies and the differences were really tiny so sometimes even if they are sometimes more expensive which was not the case for me, we sometimes avoid big problems which are not welcome when we have a disaster thanks to the mph staff",4.0,0.1630392156862745,1174,train
"Au vu des commentaires que est pu lire espère vivement que la transmission ultérieure du récépissé de la casse aboutira à une fin de prélèvement immédiatement sans un dernier prélèvement pour la route afin de renflouer est aussi eu droit à une hausse tarifaire la deuxième année ainsi qu'autre après un déménagement avec stationnement sur voie publique lors de la quatrième année aussi importante que la deuxième année, ils ont fait un geste et selon mes constatations est simplement eu droit à une tarification dans la continuité de mon ancienneté année suivante actuellement également, ce serait un comble si je devais faire opposition et être accablée par des frais de pénalité de retard accompagné un fichage pour non-paiement même il y a une date sur le document et une date renvoi de ce document, on ne sait jamais la régularisation de ce type de problème pourrait prendre un certain temps les garanties inclus dans mon contrat n'équivaut pas les garanties supérieures chez un autre assureur pour quelques centaines moins cher",In view of the comments that I have read i very much hope that the subsequent transmission of the scrapyard receipt will result in an end to the collection immediately without a final collection for the road just to bail out I was also entitled to a price increase the second year as well as another after a move with parking on public roads during the fourth year as significant as the second year they made a move and according to my findings I was simply entitled to pricing consistent with my seniority the following year currently too it would be a shame if I had to file an objection and be burdened with late payment penalty fees accompanied by a filing for nonpayment even if there is a date on the document and a date when this document was sent you never know regularizing this type of problem could take some time the guarantees included in my contract are not equivalent to the superior guarantees with another insurer for a few hundred less,1.0,0.05739583333333333,1042,train
"Attention la perte ou le vol de clés n'est pas couvert est pourtant pris la totalité des garanties existantes tout risque et pack sérénité malheureusement est perdu mes clés dans un lac en vacances et je me suis entendu dire que ne se était pas couvert par mon contrat, je me suis retrouvé à 500 km de chez moi sans clés voiture fermée en famille sans assistance bref insatisfait et je quitte cette assurance le plus vite possible avec direct assurance est moins cher, mais on sait pourquoi","Please note the loss or theft of keys is not covered however I took out all the existing guarantees all risks and serenity pack unfortunately I lost my keys in a lake on vacation and was told it was not covered by my contract I found myself 500 am from home without keys car locked with family without assistance in short dissatisfied and I am leaving this insurance as quickly as possible with direct insurance it's cheaper, but we know why",2.0,-0.1,487,train
Je suis très satisfait du service d'olivier assurance aussi bien au niveau des tarifs que du service client tout est plutôt simple d'une manière générale,I am very satisfied with the Olivier assurance service both in terms of prices and customer service everything is pretty simple in general,5.0,0.23750000000000002,154,train
"Cela va faire bientôt 2 ans que je suis chez direct assurance, je suis plutôt satisfait je n'ai jamais eu de problème avec eux la gestion des contrats est très bonne et notre espace client nous permet de faire beaucoup de choses en autonomie, je recommande vivement directe assurance","I have been with direct assurance for almost 2 years I pretty satisfied give never had a problem with them contract management is very good, and our customer area allows us to do many things independently I highly recommend direct insurance",5.0,0.36,280,train
Très satisfait du prix et le contacte téléphonique excellente explication très claire à recommander à ma proche et mon entourage je vous remercie avance,"Very satisfied with the price and the excellent telephone contact very clear explanation to recommend to my loved ones and those around me, I thank you in advance",4.0,0.62,153,train
